essay_id	essay_set	essay	rater1_domain1	rater2_domain1	rater3_domain1	domain1_score	rater1_domain2	rater2_domain2	domain2_score	rater1_trait1	rater1_trait2	rater1_trait3	rater1_trait4	rater1_trait5	rater1_trait6	rater2_trait1	rater2_trait2	rater2_trait3	rater2_trait4	rater2_trait5	rater2_trait6	rater3_trait1	rater3_trait2	rater3_trait3	rater3_trait4	rater3_trait5	rater3_trait6
1	6	"她个子不高，看上去慈眉善目，岁月的风霜使她原本乌黑油亮的秀发夹杂着缕缕银丝，眼角也有鱼尾纹爬了上来，可那饱经风霜的脸上却常常洋溢着甜蜜与满足的笑容，让人感到格外亲切，觉得她是那样随和——她便是我和蔼可亲的妈妈。    记得一个暴风骤雨的夜晚，雷霆的巨响吓得我睡不着觉（那时我只有四岁），只好蜷缩在被窝里。这时，妈妈过来了，纤细的手指轻轻地抚摸着我的额头，马上发现了我的异状，不解而又亲切地问道：“怎么，你还没睡呀？”“我，我怕……”说着，我指了指窗外。“不用怕，妈妈在，没事儿的。”妈妈微笑着说。顿时，她那充满慈爱的话语像是一股暖流，直冲进我的心窝。特别是那微笑，一刹那间，我全身上下充满了力量。我已不记得当时妈妈这一夜有没有离开，可是我觉得那是我睡得最好的一夜。    妈妈的笑不仅能够给我力量，更能时刻提醒我。    一次，小表妹来我家做客。不巧，她发现了我最喜爱的玩具——变形金刚，欢叫着朝那边奔去。我一见，便皱起了眉头，刚想呵斥她，突然看见妈妈正微笑着看着我，望着这纯净真挚的笑容，我感到脸上火辣辣的：“从小妈妈就给我讲了‘孔融让梨’的故事，孔融四岁都能克制自己，讲谦让，而我……”想着，我将已经到嘴边的话咽了下去，并慷慨的拿出其它玩具，让小表妹玩了个够。从这以后，我再也没犯过类似的错误。    妈妈的笑纯净真挚，妈妈的笑能给人以力量，妈妈的笑能够时刻提醒别人。啊！我要赞美妈妈的笑，更要赞美我的妈妈！"	4	4		10
2	6	"在我的记忆长河中，有许多往事已消失了。然而，却有一件事，在我的脑海中永远忘不了。        记得在我读小学四年级的时候，那时我还在家乡上学，那时我有一个邻居，他也是读四年级。我的邻居长着一双炯炯有神的眼睛，一个大大的鼻子和一个小小的嘴巴。他非常爱干净，也非常喜欢乐于助人。        有一天，我和邻居一起去上学，走到半路的时候，天下起雨来了，越下越大。还好那天早上我看了天气预报，我和邻居都带了伞。我们打开伞，走到了一棵大树旁边的时候，我和邻居看到了一位小女孩摔了一跤。衣服都弄脏了，全身湿淋淋的，我的邻居连忙过去把她扶了起来。我走邻居身旁说：“就快到上课时间了，我们不要理她了，我们赶紧上学去吧！”谁知，邻居却说：“要走你先走吧，我要先送这位小姑娘回家。”过了一会儿，我的邻居就送这位小姑娘回家了，在送小姑娘回家的路上，我紧跟在他们身后。我也不去上学了，和邻居一起将小姑娘送回家。我看见邻居慢慢地把伞移到小姑娘身上，而自己却被雨水淋湿了，我看到这样的情景感到非常后悔。        回到家里，我又重新回想起了这件事，这件事让我明白了做人不要太自私自利的道理。"	5	4		8
3	6	"昨天，我发现田老师头上又添了许多白发，我把这个发现告诉了爸爸，爸爸抚摸着我的头深情地说：“孩子，他可是爸爸的启蒙老师呀！他整整教了我六年呢。”我把爸爸的话告诉了同学们，可是同学们都说自己的爸爸也是田老师的学生，他们还告诉了我田老师的许多事。    刘丹的爸爸九岁那年，上课的时候突然病倒了，田老师背着他飞奔上医院治疗，又背着他走了二十多里崎岖山路，刘丹的爸爸安全到家了。田老师没有休息，又打着火把回到学校备课、改作业。刘丹的爸爸说自己到现在还欠着田老师6元钱的药费呢。    以前王成的妈妈因家庭困难失学了，还是田老师资助的学费呢。六年级的周文伟确说：“那算啥，我现在吃住都在田老师家，他对我可关心啦！”……    同学们所说的，都是他当老师近三十年来，关心学生，辛勤工作的事。可是我听着这一桩桩，一件件好像很平常的事情，我感动了，他不是我们现时生活中的张思德吗？    每一个人，在自己平凡的岗位上，只要始终记住：“为人民服务”的思想，辛勤工作，不记名利，他就是我们现实生活中的张思德，我们不能忘记张思德的精神。    田贵开老师，您是我们学习的榜样。您让我们感受到了张思德的精神，您几十年如一日，在平凡的岗位上尽职尽责，把您的一切都奉献给了您的学生，敬爱的老师，您辛苦了！"	5	4		9
4	6	"一转眼,6年的小学生活就快过去了,同其他人一样,我的小学生活是难忘的,是多姿多彩、充满欢笑的。我认为，小学生活中最难忘的，则是那双有神的眼睛。是它们，为我指点迷津，慢慢走向前面的路。        记得第一次欠作业时，我羞愧地抬不起头来，不想看到我自己的名字写在那黑板上。那种感觉真的非常难受。我慢慢抬起头来，等待同学们的嘲笑与讥讽。可是我错了，同学们很安静，没有人那样做。而那双眼睛……却包含着许多复杂的感情：有生气、有伤心、还有一些失望。但我也看到希望也同样存在着。那双眼睛就那样看着我，可我，却比任何一次挨骂都感到惭愧和那种想要站起来的强烈决心。我承认，我十分感谢那双眼睛。        当我成功时，同学们都为我欢呼，为我庆贺，开心得像自己成功是一般。我有些陶醉了，脸上不由自主地挂上了大大的微笑。我习惯性地找着那双眼睛，看看它们有什么要表达。那双眼睛写着自豪，写着感到自豪的标语。我看到，那双眼睛兴奋地眨着，但仍带着一点不要得意过头的警告。我心里很甜，因为我有这样一双眼睛疼爱着、呵护着、警告着、甚至批评着。        有时候我会想，那是怎样的一双眼睛啊！虽然很普通，很平凡的模样，但含义，却深深影响着我、教育着我。我甚至想，那是一双具有魔力的眼睛吧，竟能把心情写进去。那眼睛，似乎察觉了，仍然微笑着，还带了点调皮。那双眼睛就在我的左右，它散发着温和却有独特魅力的光彩，令人向往，给人希望。        小学即将过去了，那双眼睛也会离开我了，不知道我会不会习惯呢！不过，我会把这份难忘而宝贵的记忆，带进以后的生活，带在身旁，带进我青春的纪念册……"	5	4		10
5	6	"尊敬的校长：    您好！    我离小学毕业不远了，小学中的生活那么的有趣，又是那么的难忘。在我快毕业之前，想提这两个小小的建议，希望学校采纳：1、能为学生们上有关安全的一节课，增强学生的安全意识。2、加强对高年级学生有关看课外书的正确引导。    在一次上学的途中，我看见马路上的一辆大客车正在行驶，一位我们中心小学的学生为了能快点地过到对面，就离大客车大约3米距离冲过了马路，那辆大客车因为行驶较快，看见有路人就紧急刹车，那位小学生刚才的做法是很危险的，如果那位小学生走慢了，客车司机没看见那位小学生，那位小学生的后果可能会头破血流，更严重的可能会终身残废。安全，不单只是交通安全，还有用火安全，人身安全等等，近年来，大沥发生过许多血的教训，这些教训是极为深刻的，作为一位小学生，应该意识到安全的重要性，而作为一间学校，更加应该教育学生，让学生的安全意识逐步提高。    在我们身边，我经常可以看到我们班的同学拿着什么《幻城》、《帅小子传奇》、《我为歌狂》……不但是女同学，男同学也有看一些暴力的武打片，一些游戏的攻击方法等等，我觉得这些书都是属于成熟的书籍，对我们这个年龄的阶段还不合适，我们应该看一些《十万个为什么》、《101个科学家》……这些才合适我们这个年龄阶段的学生看。如果我们都去看一些不健康的或不宜身心的书，那就会害了学生。对于那些把人引入歧途的书，我们一定要提高警惕！菲尔丁曾经说过：“不好的书，像不好的朋友一样，可能会把你害了。”的确，我们应该读一本好书，叫个好朋友，它将把你带进书的殿堂！希望学校能教育一下看这类书的同学，否则，这些同学就会越陷越深。    以上是我提的两个意见，如果觉得好的话就希望学校能够采用。    祝    工作顺利！    六（2）班学生：小茵    2005年4月4日"	5	4		10
6	6	"假如我会克隆，闭上眼睛想想该是一件多么美好的事情啊！    假如我会克隆，我会克隆爱因斯坦、牛顿、居里夫人，让他们这些天才继续发挥才能，为人类发展作贡献，如果有了他们，世界上会有少难题迎刃而解啊！    假如我会克隆，我要克出一些即将灭觉的珍贵动物，比如：东北虎、大熊猫……让它们在这个世界上像小猫小狗一样多，像花草一样多,把它们养在自己家里，该多么有趣啊！    假如我会克隆，我要克隆钱学森的脑细胞和记忆细胞，我那样就会开启书的大门，遨游书的世界，读四大名著也就不成问题了。当然，拥有钱学森细胞的我，一上作文课就不像以前那样枯乏，那样不感兴趣，而是展示我才华的地方，也是我大展身手的地方。    假如我会克隆，我要克隆我自己，让我和克隆人一起吃饭，生活，成为我家庭中的一员，陪伴我学习，和我共同思考问题，和我一起谈心，当我的知心朋友……一想，便知道是多么美好的事情啊！    假如我会克隆,我当然不会忘记克隆一些有名的运动员,为中国的体育创造更大的辉煌。    克隆,是我们对未来的憧憬,为实现这个美好的愿望,我们应该现在努力学习,长大实现这个美好的愿望!"	5	4		7
7	6	"随着经济的迅速发展，人们便开始大兴土木。建造了无数的企业，就拿我所处的村来说，在短短的十几年内，就增加了八个厂。什么印花厂，什么服装厂，真是数不清。    在我从学校到家，从家到学校的必经之路上，有一条小河。从前，它虽然不是像西湖那样平静，不是像山间小溪那般清澈，可是它至少为河里的小鱼、小虾提供了一个生存的地方虽说比不上天堂，也算不上乐园，可是作住家还是绰绰有余的。每当我上学去或放学回家时经过那儿，偶尔可以看见一、两条小鱼儿浮出水面，吐出一星半点的小水泡，心里就感到愉快。    可是在我一年级的时候，一家印花厂在小河边落户了，成了小河的新邻居，小河本想和新邻居交个朋友，就像和我们一样。可没想到这位邻居一建成，就给小河来了一个下马威。几十吨工业废水和印花染料等一古脑儿排向河里，呛得小河差点犯了心脏病。河里的小鱼、小虾被吓得纷纷逃走，都游向了别的河道。小河伤心极了，可它无能为力。那一年还算走运，我们依旧还能隐隐约约看见几条小鱼浮出水面，吐出几个小水泡，可是以往的那种欢乐，似乎早已荡然无存了。水葫芦还是照样发疯似的生长开来。善良的小河还是以大度的胸怀，容忍了这位所谓的新邻居的伤害。    第二年开春了，因为春节那印花厂放假，小河暂时过了几天清静的日子。假期过后要开学了，我怀着期盼的心情，骑着自行车路过小河，准备和我的老见面朋友打声招呼。可是事隔三日当刮目相看。小河已经面目全非了。以前嫩绿的河水，现在已被那印花厂排放的染料染成了蓝色，上面还有些白色的散发着刺鼻的泡沫。一阵微风拂过河面，拂过我的心，使我有些伤感。“好好的一条河又没了”。这时，从桥上驶过的一位以前驾渔船的老者发出了一声感叹。    时光穿梭，我现在已是六年级学生了，那条小河也陪我这么多年，小河也经受了这么多年的磨难。如今，小河已经完全死去了，真不知道，由于我们的经济建设会毁坏多少条小河。"	5	4		10
8	6	"一提起童年，我的脑海里就浮现了很多说不完的就趣事。    记得五六岁时，我最喜欢吃橙子。可是常常把橙籽吞进去。有一次，亲人给了我们一些橙子，我盯着橙子不住地流口水，就剥了一个。刚好邻居的婆婆来我家，我吃橙子时一不小心把橙籽吞进去了，我顿时傻了，眼珠不停地转来转去。婆婆看见了，问我怎么了。我说：“我……把……橙籽……吞……进去了。”我一边说边指着嘴巴。婆婆笑着说：“那不好吗？以后你要是想吃橙子在头上摘就可以。”我又哭又闹，心想：“那可怎么办！我转了一眼，问婆婆：“那你要是也把橙籽吞进去，那不是跟我一样。”婆婆得意地说：“我跟你不一样，我们是大人，你们是小孩。我们不怕。”我听了婆婆的话，又害怕又可笑。    又过了一年，到橙子长的时候到了。有一次，我在吃橙子，一下子把橙籽吞进了肚子里。在这时，我想起五六岁的时，婆婆说要是吞下了橙籽，头上就会长一棵橙树。于是，我就摸了摸自己的头上，咦，怎么没有一棵橙树。我带着疑问到邻居婆婆家，问她。婆婆说：“傻孩子，我骗你的。”我又惊又喜。    到了现在，想起了这件事，你不让我笑，我还是会笑出声。真没想到我当时那么傻。从中，我也知道了一个道理――－在别人说的时候，不能听别人的，要自己去试试，才知道是真是假。这个道理也让我想起了读二年级时读的《小马过河》一样，那河水不像老牛说的那样浅，也不像松鼠说的那样深。    童年，多么令人回味！可它却像一片片羽毛，越飘越远。偶然间，我采了一串童谣，衔在日中。啊！那正是我的哝年，它像一串糖葫芦，又酸又甜。"	5	4		8
9	6	"含着脉脉深情，我读完了《我的战友邱少云》这篇感人的课文。    这篇课文写了志愿军战士邱少云为了战斗的胜利，在全身被大火包围之时，纹丝不动，一声不吭，强忍着痛苦的折磨。他心中仍然向着一个目标：严格遵守纪律，保证战斗的胜利。直到临死前，他连吭一声都没有。    读完课文，我深深地被邱少云的事迹所感动。邱少云烈士，为了整个潜伏的部队，为了战斗的胜利，心甘情愿地付出自己的生命。在邱少云的心中，生命只是战斗胜利的一小部分，难道生命不值得珍惜？不，生命是千金难买的，要是没有了生命，哪怕只有一条生命，战斗永远不会胜利。可是邱少云毅然牺牲，是以自己的生命换取战友们的生存，更换来战斗的胜利。邱少云是伟大的，我不由想到，从古到今，我们中华儿女有多少人为了国家的荣誉和民族的尊严，甘愿抛头颅，洒热血，毫不犹豫地献出自己的一切。今天，杨利伟为了实现中国人的千年飞天梦不怕吃苦；运动赛场上，运动员为了祖国的荣誉奋力拼搏……他们都是祖国的骄傲，永远值得我们学习，值得我们去爱戴。我要以他们为榜样，学好本领，为祖国的花草树木，让世界看到我们中国的绿荫；画一座座高楼大厦，让世界看到我们中国的发展；画万里长城、名山大川，画出中国的骄傲，让世界对中国刮目相看，肃然起敬！    读了这篇课文，我真切地感到了邱少云的伟大。我想高声地说：令我崇拜的邱少云叔叔，您哟功能生命点燃的火炬，就由我们来传承吧！"	5	4		8
10	6	"我家有七口人，过着无比快乐的生活。可是，没过多久我家变成了八口人！这第八个人呢，就是出生不久的妹妹。    我的妹妹呀，我看就纯属是从地球上生出来的外太生物！一岁左右就会跑，爬东西，害得大家都担心她爬窗子；两岁左右就会背二十首以上的唐诗，大家的夸她记性好；三岁竟然就会和我抢电脑玩，只不过她只会移移鼠标，敲敲键盘……现在，她三岁半了——一双老鹰似的眼睛，时不时就有可能盯着你！一个“能说会道”的嘴巴，偶尔也会将一些你听不懂的话。张开来，你会看见一个个黄黄的牙齿，她经常赖的不漱口！不过最美的地方属她的头发了。乌黑亮丽的头发，跟本不要用广告里的什么洗发水！妹妹有点胖，但胖也是一种健康的特点。    从这些特点中，左邻右舍都讲她很厉害，有魅力！大家都很喜欢她，但她时常会骄傲，这样大家就会说她不好，她又不骄傲了。非常的“臭屁”。    魅力归魅力，但是有时候我也会恨她之入骨！记得有一回，我正在网上高高兴兴和我同学聊着天。因为马上就毕业了嘛，也正赶上放假，我们说得很开心还准备约在一起玩。说到这时突然，屏幕变黑了。我想怎么了？电脑出了毛病？我正和同学聊天呢！如果我下了他会不高兴的！正好，我的俞光看见了一个人，我转头一看。妹妹正用手按着主机箱的按钮，“这会弄坏的！”我叫了一声，本想把妹妹吓跑，结果妹妹向我做了个鬼脸跑了。顽皮么，这有什么办法呢？只好重新开机了，开到一半，电脑又被妹妹关了。这时我气的火冒三丈，顺手打了妹妹一记耳光。也许我太气了，打的有点重，毕竟她还3岁啊。她一屁股坐在地上哭了起来……哭声引来了舅舅，舅舅跑来问：“怎么会事？哥哥还欺负妹妹？啊！”后来我又被一顿臭骂！“今天真是倒霉死了！”我抱怨着，“哼，下次我在也不理她了！”可是，在当天晚上，她跑过来想我道歉。我原谅了她，最起码她知道自己错了，即使就说一句对不起，哥哥。    不管怎么说，我的“妹力”是谁也比不上的。我的妹妹就是这样——淘气，调皮，爱捣蛋。可爱，胆大，很聪明。最重要的是有个谁也没有的特点——这么小就有魅力！"	5	4		10
12	6	"小鸟在蓝天中哭泣，哭泣自己无家可归；小鹿在小溪边埋怨，埋怨小河已不在清澈；狮子在森林中大发雷霆，询问为什么森林中的动物在渐渐减少。而人类，而人类却在旁边幸灾乐祸，在跟加变本加厉地破坏着地球，这个美好的家园。    每天，都有人类在无节制地砍伐树木。最近，我就在报纸上看到了一则惊人的消息：笔架山公园的树木被不知不觉地砍伐，而且砍伐数量高达一百多棵。工作人员痛心地说：“种树不容易，这些被砍伐的树木小的有五六年树龄，而大的则有二十年。”事后，法庭要求砍伐人员每棵树罚500元。但是有什么用呢！这能弥补小鸟们曾失去的家园，能还笔架山公园的绿色吗？    前几天，我回家乡，到家五年前那条清砌的小溪边玩赏，但意想不到的是，那条清彻的小河已变成了一条臭水沟。而且家乡的环境也不如以前。我总听见人们在埋怨着，怎么小溪那么臭，怎么空气那么差。这里茨方法在怪谁呢？动物，人类，自然？是人类自己。他们在往小溪里丢垃圾的时候，总是想：只有我一个人丢，也不会造成什么。但是，假如所有人都这样想，不就汇成了一条臭沟了吗？    谈谈最近的事吧！近年来，不是流得非典吗？这是什么造成的，也是人类，他们在无制地捕伤动物，不但使别的动物濒临绝境，还使人类自己患上不治之症。    这一连串的事情在说明，人类如果再不醒悟，地球妈妈将惨死在人类之手。    地球妈妈渴望旧时的光辉，让我们一起为此而努力吧！"	5	4		9
13	6	"“噔噔……”一阵急速的脚步声，曹植急忙来到富丽堂皇的大殿：大理石柱子，汉白玉地板，曹丕坐在龙椅上，双手搭在椅把上，死死地盯着殿门口。曹植迈入殿内，顿时气氛变得很不自在，充满杀气。    曹丕待曹植行完礼后，马上说：“你这畜牲，竟敢勾引大嫂！本王要置你于死地，但念你我兄弟情深，姑且放你一马。听闻三弟文采好，如今若能在我七步之内作诗一首，便免死。”曹植一听，心里顿时凉了半截，心想：这是我哥哥吗？为什么非把我整死不可。    曹丕瞟了曹植一眼，从龙椅上走了下来，说：“三弟，开始了。”曹植心想：如果让爹看见了，这是何等伤心？眼泪直在他眼内打转。曹丕说：“一步！”曹植咬着嘴唇没作声，当曹植喊“两步！”时，曹植终于开口了，吟：“煮豆持作羹”这时两颗伤心的泪珠滴落在晶莹的汉白玉地面上，汉白玉变得不再晶莹。“三步！”“漉菽以为汁。”曹丕冷冷地斜了曹植一眼，说：“四步！”曹植无可奈何地仰望天穹，两行泪挂在他脸上，心如刀宛，声音颤抖地答“萁在釜下燃。”“五步！”“豆在釜中泣。”“六步！”“本是同根生。”曹丕把头扭向一边说：“七步！”曹植叹说：“相煎何太急？”曹丕一愣神，望着大理映入石柱子里的自己，好像看到了狼心狗肺，他失去了人性。    曹植扔下一句“大王，在下告辞！”匆匆离开大殿，他对此地绝望了，曹丕连亲情也不顾，祝亲兄弟为敌人，难道他的江山还可以保住吗？"	5	4		8
14	5	"在众多的影星中，我最崇拜的是成龙，他是我心中的偶像。    成龙人如其名，名副其实，是影星中的一条“龙”。他能导、能演、能唱、能说。他不仅是我心中的偶像，他还是广大群众的偶像。他不但是我国著名的影星，而且在国际影坛上也享有盛誉，因此他的影片深受观众的喜爱。    成龙虽然没有周星驰的滑稽，也没有李小龙的功夫高，但几乎所有的观众都偏爱他。我虽然未和他见过面，但从他演的影片，我知道他是一个绝顶出色的演员。如果你心情不好，请你到电影院里去看成龙的影片。那惊险的情节、幽默的表演、真诚的微笑，会让你忘掉一切烦恼和忧愁，你会觉得明天会更美好。    成龙，你是我心中的偶像，我是你忠诚的观众，我永远支持你！    胡帅龙"	5	4		9
15	5	"春的脚步慢慢的临近了……    你听，“叮咚，叮咚”，那是春的脚步声,清脆极了。小溪上的冰被春那温暖的手融化了，小溪又欢快地唱起歌儿，把春的脚步声让每个人听见，让人感觉到春的欢快。    你听，“沙沙，沙沙”，那是春的脚步声，优美极了。小草们沉睡了一个冬天，被春的声音唤醒了，一个个从土里探出头来，向四周张望，欣赏着春的美丽，互相交头接耳，诉说着春的温暖。树木们也被春唤醒了，纷纷捧出了嫩绿的新芽。春风也来凑热闹，把小草的话四处传唱，让每个人听见，让人感觉到春的生机盎然。    你听，“滴答，滴答”，那是春的脚步声，响亮极了。春雨伴随着春的脚步声，来帮助春滋润大地，让那干涸的土地，吮吸着春带来的甘露后，不在感到口渴。着声音被每个人听见，让人感觉到春的凉意。    你听，……    春的脚步慢慢临近……    李圆媛"	5	4		9
16	5	"我的家乡在荆州，它是一座古老的历史文化名城。这里不仅有许多的名胜古迹，而且还有很多的特产。其中，我最喜欢的就是荆州鱼糕了。     荆州鱼糕的来历还有一个非常美丽的传说故事呢。相传鱼糕为舜帝妃子女英所创。传说舜帝带着女英、娥皇二妃南巡，经过荆州时，因路途劳累，娥皇不思茶饭，唯独想吃鲜鱼，可又讨厌鱼刺，于是聪明又善良的女英为娥皇蒸出了无刺的鱼肉糕。娥皇吃后，病情迅速好转。故鱼糕又名“湘妃糕”。从那以后便在荆楚一带一直流传至今。     听妈妈说，在荆州早就有“无鱼糕不成席”的民俗。大凡红白喜事、逢年过节，人们总要吃鱼糕。而鱼糕在妈妈小的时候并不是能够经常吃到的稀罕菜，随着现在人们生活水平的提高，鱼糕早已成了人们餐桌上的常见菜。     鱼糕是由鱼和肉制成的，营养丰富，又有鱼味，还有肉香。而且，色泽洁白，吃到口里感觉特别滑嫩，因此，倍受人们的喜爱。尤其是我们小朋友，鱼糕还为我们省去了剔鱼刺的麻烦，让爸爸妈妈不用担心。     鱼糕有好些吃法，不过，我最喜欢妈妈用鱼糕做汤了。一片片被切成小薄片的鱼糕，加上几颗又白又圆的鱼丸，汤里还飘着几片绿绿的青菜，最后还撒上一些香葱，光是看上去就已经让人垂涎三尺了。     我爱那故乡的特产——鱼糕，更爱我美丽富饶的家乡。    魏幸康"	5	4		8
17	5	"有人因它的弱小而忽视它，有人因它的地位卑微而残杀它。只需轻轻一脚，数只蚂蚁便死于我们脚下，再也没有古人“扫地恐伤蝼蚁命，爱惜飞蛾纱罩灯”的善心观念。我也不例外。但自从那件事后，我不但放弃了这个观念，反而开始敬重它们。     一个夏天的下午，阳光炙烤着大地，我啃着冰棍走在马路上，强烈的阳光把冰棍化成了一滴滴散发着香气的甜水，一不小心冰棍掉在地上。不一会儿便引来子几只馋嘴的蚂蚁，它们闻了闻，就转身离去了。它们的这一举动引起了我的兴趣。我蹲下来，静静地观察这它们。不一会儿，只见上百只蚂蚁浩浩荡荡的向这边移动。蚁军一见食物，立刻四散开来，贪婪地吞食着雪水。当只剩下几颗大冰粒时，它们又聚在一起，吃力地去抬比自身大几十倍的冰粒。可它们失败了！我嘲笑它们傻，自不量力。可是它们并没有放弃，用瘦小的身躯试图再次把冰粒举起。冰粒正一点一点被举起，它们成功了！成功了！它们一点点移动着，那整齐的步伐，把我深深地震撼了。望着它们向蚁穴移去的身影，我惊讶地半天没抬起头来。是什么，让它们有如此勇气面对困难？是团结、是信心、是坚持的力量！我呆呆地凝视着它们……     从此，我敬重它们。我不再因困难而退却；不再因道路泥泞而逃避；不再因逆水而改变航向。我愿顶着风，冒着雨，逆水行舟，驶向生命的彼岸。    朱恒栋"	5	4		9
18	5	"每当我的目光扫过校园围墙，看到墙外那美丽的景色，我都不禁想起那次最难忘的经历，它就像一颗星星，在我的脑海中闪闪发光。     那个夏天的夜晚，星星忽闪忽闪，几只萤火虫打着灯笼飞来飞去。我和几个小伙伴，坐在校园围墙边的草地上，讨论着事情。说着说着，没话可说了。小伟可坐不住了，拿起一块石头就朝围墙猛地扔去。看着他，我忽然冒出一个鬼点子。兴奋地对大家说：“哎，我们把石头扔到墙外吧！”“好呀好呀！”大家欢呼起来，纷纷表示赞成。     “扔石”行动开始喽！小猛和小北面红耳赤地运送石头。我们呢，一边奋力的扔石头，一边大喊口号：“一二三，扔啊！一二三，扔啊！”我们越喊越有劲，扔得兴高采烈，围墙那边也不停地传来“咣啷、咣啷”的声音。     就在我们玩得不亦乐乎时，一个黑影“噌”地翻过了墙。我定睛一看，原来是一位大伯，手里还拿着木棍呢！我不禁害怕起来。这时，大波怒目圆睁，大骂：“你们这帮小鬼，敢砸我的屋顶，看我怎么收拾你们！”我们吓得不知所措，不知谁喊了声“快跑”，大家都落荒而逃。我恐惧的想：完了，哪位大伯肯定不会放过我们的！大伯在后紧追不舍，我在前拼尽全力地逃跑。可我不知踩到了什么东西，重重的摔了一跤，我顾不上伤痛了，一瘸一拐地跑到了小伙伴家里。啊！终于躲过了一劫，我长舒了一口气。回忆了一下刚才那惊魂未定的情景，我想：从快乐的顶峰跌入了恐惧的深渊，情绪真是一落千丈啊！     这次经历已经过去几年了，但令我非常的难忘。虽然它给我留下了惊恐害怕的一幕，可它却时刻激励着我，鞭策着我。他让我悟出了一个道理：别只顾一时的痛快，而忘记它所造成的后果，做事要三思而后行。    蒋坤伦"	5	4		10
19	5	"时间匆匆，稍纵即逝，五年级的家长会个圆满的句号。但是，家长会上那一幕幕动人的情景，却给我留下了不可磨灭的印象。     太阳收敛了笑容，风变得狂妄起来，天气也变得恶劣起来，这一切都可能是我的坏兆头。老师将会怎样告我的“状”呢？妈妈会怎么收拾我呢？我忐忑不安地想，心中不由得增添了一份恐惧，我真希望家长们别来。可事与愿违，风地阻挡，天气地干扰，对家长们都是杯水车薪—家长们早已迎着风沙站在了校园里。     家长会开始了。首先是唐老师对我们地鼓励，他的一席话使我受益匪浅，是的，我们应该正确的去对待成功与失败，我们不能因为失败而从此沉沦下去，也不能因成功就高傲自大，目空一切。崔校长也紧随其后，把办学目的和办学的前后情况都向家长们进行了介绍。崔校长的一席话使我茅塞顿开，原来崔校长办学不是为了钱哪，而是为了尽快地播种知识的种子呀！     该学生发言了，我的心仿佛一下子被揪了起来，七上八下的。唉，这几天我非常调皮，导致成绩下降，老师会怎样告我呢？唉！听天由命吧，即使是挨了打也是我自作自受，我狠下心来到讲台上，把我在校的表现向妈妈一一作了汇报。我的精彩演讲博得了家长们的阵阵掌声，再加上班主任对我的评估，也挽回了我挨打的“悲惨”命运，真是天助我也。我心里的石头总算落了地。同学们还在继续发言，有些同学觉得对不起面朝黄土背朝天的父母，这时只见他们那一颗、两颗冰冷的泪珠落在发言稿上。     发奖了，我把脖子伸得老长老长，静静地听着。第一名，第二名，我眼巴巴地望着一张张崭新的“大团结”，一张张光宗耀祖的奖状，一支支闪着光亮的钢笔，一本本光泽耀眼的笔记本，都从校长手里不翼而飞，直到第三名的时候才轮到了我，不禁鼻子一酸，泪珠在眼眶里荡起了秋千。曾经也功成名就的我，这次该如何向那饱经风霜的父母交代呢？想到这儿，不争气的泪水就掉了下来。     散会了，我本以为母亲会大发雷霆，可是事实使我完全出乎意料，妈妈不但没有打我，反而和颜悦色地给我说了一大堆鼓励的话，泪水又一次掉了下来。     妈妈，谢谢您宽容大量，饶恕了孩儿一时的不争气，今后我一定痛改前非，奋发向上，为您争口气；老师，谢谢您给了我一次改过自新的机会，我一定不辜负您的用心良苦，我一定让您为我感到骄傲，一定会的！    张中印"	5	4		10
20	5	"俗话说：“只有辛勤的园丁不辞辛苦地浇灌花朵，花朵才会开得鲜艳、美丽。”而我们的语文老师就是辛勤的园丁，我们就是含苞欲放的花骨朵儿，老师辛勤地培育我们，我真想说一声：“老师，您辛苦了。”     老师，您辛苦了。白天，您不辞辛苦地培育我们，您上课专心地传授我们知识，讲得出神入化，绘声绘色，如同把我们带进了一个仙境，我们在知识的海洋里快乐的遨游。     下课后，您又回到了原来面目—像一个大姐姐，您和我们跳绳，您一边揉绳，一边鼓励跳绳的同学，给他们加油，您还给我们讲故事，讲得我们有时捧腹大笑，有时感到惋惜、悲伤。我们对您的亲切之感更加深厚了，我们和您的心贴得更近了。     夜晚，您劳累了一天，总能休息了吧！但您不，您要看看同学们睡着了没有，被子盖好了没有，这下能休息了吧！但您看看那一叠一尺来高的作业，又埋头工作了，“铛、铛、铛……”钟表嘶哑的打了十二下，十二点了，但您表情木然，丝毫没有要走的意思，夜晚，您与皎洁的月光为伴，与作业同归，您从不埋怨一句，一声不响地默默工作着。     啊！有哪位老师为了同学们付出了整个青春和汗水，又有哪位老师通宵达旦地为学生而工作。     啊！老师，您多么和蔼可亲，平易近人，我代表全体学生向您说一声：“老师，您辛苦了！”    杨小冉"	5	4		8
21	5	"“叫你们不做完，不用做了！”老师那严厉的训斥声又在我的耳边回荡。     今天下午开学了，老师要检查作业，同学们提心吊胆，因为老师说不做完作业就等着她揍我们吧！同学们几乎都没做完，“叮铃铃……”急促的铃声嘎然停止，老师要检查作业了，老师问：“谁的卷子做完了？”全班几乎没人吱声，只有我和几个胆小的同学支支吾吾地说：“做……完……了”，老师见只有几个学生做完了，火冒三丈，老师挨个问，当问到小红作业写完了没有的时候，小红面如土色地说：“没……有，”老师拿起她的卷子撕了个粉身碎骨，我看了心里犹有发寒，尽管我做完了，但字体都不太工整，怕老师也……，终于，老师来到了我的身旁，问我做完了没有？我忐忑不安地说：“做完了”。唉！天公作美，让老师只浏览了一遍，并未细看，一次灾难终于过去了，老师把没做完的同学都揍了一顿，那严厉的训斥声，让我想起来就心惊肉跳。     从这件事中我明白了：一个人无论做什么事，都应该有始有终，不能半途而废，否则你会受到应有的惩罚。     这件事不仅在我的学习上给我提了醒，还在我的人生中指明了方向。    杨小冉"	5	4		9
22	5	"古往今来，人们总要为自己的理想而奋斗，在奋斗的过程中当然会遇到一些对手，只有勇往直前，才能战胜他们。以往我总是很轻松的便打败了对手，但正当我得意洋洋时，不料碰到了一座“大山”——田壮壮。     刚进入这个班不久，我的目光便定格在了他身上。他其貌不扬，小眼睛、塌鼻梁、皮肤黝黑。我以为打败他易如反掌，所以根本没把他放在眼里。但没想到，他其貌不扬，学习倒挺认真，不到一个月，我和田壮壮及几个女生便组成了班里的“三国”谁也不肯让谁。后来，那几个女生相继“隐居”山林，只有我和田壮壮在这之间默默抗争着。     下课后，老师宣布：下节课发作文本。我听后喜上眉梢，这次我俩的竞争终于可以有一个结果了。当老师公布分数时，我连忙竖起耳朵仔细听，当听到我是85分时，我愈发高兴了，当老师念到田壮壮的分数时，我差点没昏过去——他居然也是85分！想打败他的愿望在这一瞬间破灭了。     但我并不肯善罢甘休，下课后苦心研读我那本厚厚的“经书”——作文大全，当写作文时，我还常常去他那里“取经”经过一段时间的调整之后，与他争个高低的愿望又浮出了水面——目标就定在下一次作文《童年趣事》上面。     打搞时，我把这些天背的好词好段来了个大搜索，确定内容后，我下笔如飞，不到一节课便打完了稿，为了保险起见，我还特地让老师把我的原稿修改了一下，这样就万无一失了。我长长地嘘了口气说。     但我没有想到，他居然也早有防备，这几天背的好词好句快两大张作文纸了，而且同样请老师修改了稿子。看来，我俩的“笔尖大战”又要开始了。     发下作文后，我赶忙看天壮壮的作文分数，结果当然是昏倒——还是和我平分秋色。     经过前两次比赛，我这次决定采用“偷窃”法，即我俩交换作文互改，这样他的作文便可以让我打看特看了，不过我仍会细心的帮他修改作文，免得让他不满。等交换后，我连忙把不满意的地方擦掉重写。结果可想而知——我战胜了他，但也不让我太满意——我只超了他一分。     对手——田壮壮，我十分感激你，是你，激励着我勇往直前；是你，让我有了更大的进步；是你，让我有了奋斗的目标，不再让我像失控的船儿一般盲目的在水上漂。    王高成"	5	4		10
23	5	"尊敬的巴金爷爷：     我知道了您的故事之后，敬佩之情油然而生。您虽然是著名的作家，但还是那样和蔼可亲，那样平易近人，您为了不让家乡的孩子们失望，带病写了一封回信，这难道不值得我们敬佩吗？     我从您的信中明白了生命的意义在于奉献而不在于享受；我明白了生命开花的意义是人活着不是为了白吃干饭，而是要给我们生活其中的社会增添一点光彩；明白了一生为自己的人，最终会一无所有。     彩虹把瞬间的美丽献给了人们，春蚕把最后的光献给了人们……它们正因为为别人献出了自己的一份力量而感到生活充实和生命的意义。正如裴多芬说：“生命的多少用时间计算，生命的价值用奉献计算。”是的，生命是有限的，我们无法延长它，无法获得它的永存，但我们可以奉献自己的一切。不管是长久默默无闻的奉献，还是在瞬间发出灿烂的光辉，都是自己的一份力量，都是生命的意义。     巴金爷爷，您放心吧，我们一定会好好学习，不辜负您对我们的期望，长大以后，为国家奉献自己。     愿您在九泉之下安息！     董亚丹"	5	4		8
24	5	"人生之旅，一如春夏秋冬，有风，有雨，有雷，有电，有花开花落，有云卷云舒。常言道：“良师益友好生活。”是的，我也遇到过这样的一位老师。     她，不高的个头，一个西瓜似的脑袋上嵌着一对宝石般的眼睛，一闪一闪的，放射出智慧的光芒。     行进人生的路途，不如意事十之八九。一年前，我报名来到这个班，无巧不成书，没过几天，县里就考试了，我考得很不理想，于是心也沉沉，意也灰灰。是她伸出了那双温暖的大手拉了我一把，对我又是鼓励，又是安慰，终于，我在第二次考试中勇夺全县第二名。     到了课下，她变了，变得与同学们打成一片：和同学跳绳，和同学们一起攻克难关……她一点也不摆老师的架子，仿佛站在我们面前的不是老师，而是朋友。     她的脾气犹如夏天的天气—多变。刚才还“艳阳高照”刹时可以转为“大雨倾盆”。而且批评人的方式也极其特别，不“单刀直入”却让我们心领神会，感到万分羞愧。厉害也！     老师像一片肥沃的热土，为我们这些成长的小树打下坚实的根基；老师又像一片叶子，随时地呵护我们这些花蕾；老师还像一支画笔，为我们的生活涂上丰富的色彩。     老师—我爱您！    张中印"	5	4		9
25	5	"我坐在窗前的写字台前，看着小朋友在自由自在的玩耍，此时此刻，有谁知道我是多么的痛苦不堪，我的心在滴血，在隐隐作痛，因为我没有朋友，我是多么渴望得到友谊！     我是个口吃的人。小时候，我不懂什么是自卑，而如今，我长大了，我也常常央求爸爸妈妈给我治病，每每这时，父母总是噙着眼泪说：“治，咱治病。”望着父母那无助的眼神，我不再吭声，只是默默地流泪。     因为口吃，没有人和我交朋友，没有人和我一起游戏。下课了，同学们如出笼的小鸟跑出教室，即使我出去也没有人跟我玩耍，于是，我总是望着天花板发呆。我也尝试着与同学交朋友，可刚刚开始，就卡了壳，说不出话来，同学们一阵大笑，甚至有的说：“别做白日梦了，连话都说不好，还跟我们交朋友，你凭什么呢？”说完，几个人结伴离开，只留下伤心的我呆若木鸡，任泪水冲垮防线，不停地往下流。此时，我受伤的心是多么需要友情啊！     因为口吃，没有人和我一起学习，我不敢发言。每当老师提出问题时，同学们都争先恐后的举手，我不敢，不是我不会，而是怕口吃会使同学哄堂大笑，尽管老师理解我、关心我，并且会吵一顿那些同学，可是我幼小的心灵又是一处创伤，它不可能痊愈，又是因为口吃，我不敢向同学们请教问题，所以成绩一滑再滑，到了不可收拾的地步。     我渴望友谊！因为斯托贝说过：“财富不是朋友，而朋友确是财富。”是啊，友谊第一个人来说，是多么的重要，我不想让我的心灵一伤再伤。     我渴望友谊！可谁又理解我？谁又能帮助我？谁能给我最真挚的友谊？谁能抚慰我心灵的创伤？     我渴望自由，愿同学给我友情，哪怕只是一个朋友，和我玩耍一天也可以！    田壮壮"	5	4		10
26	5	"读书可以帮助我们丰富知识，让我们在知识的海洋中遨游；读书可以开拓我们的视野，帮助我们进步；读书给我们带来了无限的乐趣！    我是一个文静的小女孩，非常胆怯，空闲时总爱捧着一本书聚精会神地看，虽然读书占用了我许多的时间，却给我带来了无限的乐趣和好处。    有一次，老师在上课时提问了我们许多的课外知识，比如说我们中国的发源地是哪里？我国的“第一部古书是什么”当同学们听到这些问题后，个个目瞪口呆，嘴巴张成了O型。而当我听到后，就不假思索地回答了出来，像三月的春风，像小溪的流水，滔滔不绝地讲述着自己的看法及答案，得到了老师的好评。那时我心里比吃了蜜还要甜，心想：多亏了那些课外书哇！    读书不但能增长我们的课外知识，还可以提高我们的写作水平。    时间悄然逝去，老师说：“我们学校要举行作文大赛，全部由唐校长亲自改，写得优秀的同学要被评为‘优秀小作家’”在考试之前，我做好了充分的准备。心想：“一定要打一个漂亮仗，不让父母和老师失望，一定要写好。”果然，功夫不负有心人，在考试中，我以85分的成绩一举夺魁。    是呀，读书不但能增长我们的知识，而且能提高我们的作文水平。我们也能从书中学到许多做人的道理，我们又何乐而不为之呢？    “书是知识的源泉”“书是人类进步的阶梯”。朋友，让我们一起来读书吧！我相信，书会让你走进另一个世界，书会给你带来无穷的乐趣！    梁贝贝"	5	4		8
27	5	"今天早晨，老师告诉我们一个好消息：今天要举行一场别开生面的拔河比赛。教室里立刻沸腾起来，同学们欢呼雀跃。    第二节下课后，同学们都在指定的位置站好以后，体育老师说：“第一声哨响是让我们把绳子拿起来，第二声哨响才能往后拉。”    比赛开始了，我们五（1）班先和五（2）班比赛。体育老师一声哨响，同学们立刻拿起绳子，紧接着体育老师又吹起了第二声哨。我们双方互不相让，都使出了吃奶的力气向后拉。同学们一个个都红了脸，拽着绳子死死不放。红领巾一会儿移向对方那边，一会儿移向我们这边。啦啦队在为参加比赛的队员加油。最后，绳子上的红领巾渐渐地移向我们班那边。我们班赢了，同学们跳啊！蹦啊！好高兴！    交换场地再战，我们班的队员可能是第一场消耗的体力太大，所以输了。同学们垂头丧气地走进了教室。    李老师说：“我们第一场赢了，已经是一个奇迹了，我们应该把这个奇迹保留下来！”    通过这次比赛，我懂得了一个道理：做什么事都要团结，我也真正懂得了“团结就是力量”这句话的真正含义。    张亚欣"	5	4		8
28	4	"虽然雷锋叔叔只活了22个春秋,但雷锋精神像三月里的春风吹遍了祖国大地.直到现在,我们还可以在马路旁、校园里见到雷锋的身影.    四年级第一学期时的一天,我们正上着英语课,靳老师在黑板上写单词,教室里格外安静,连一根针掉在地上都听得清.突然,吴丹站起来说:“老师,我想吐”靳老师说：“怎么回事？赶紧到卫生间去！”说完便扶着吴丹到卫生间去了。一出教室门，只听“哗”的一声，吴丹吐出来了。靳老师把头往教室里一转说：“到操场弄些沙子垫一垫。”只见张慧松拿起撮子飞快地跑到操场上，弄了许多沙子垫在了教室门口。过了大约五分钟，吴丹、靳老师都回来了，同学们有的给吴丹喝水，有的拿了一张餐巾纸递给吴丹，让她擦擦嘴。当吴丹没事的时候，我们继续上课。    下课了，同学们争先恐后地抢着打扫地上的污物，有的拿笤帚，有的拿拖把，有的拿撮子，不一会就把地面打扫得干干净净，教师和同学们没有一个怕脏嫌累的。    窗外树枝在微风中摇曳，小鸟在枝头歌唱，伴着我朗朗的读书声，奏出了世间最美的乐章。"	5	4		9
29	4	"冒着寒风，我们来到了南洋大楼。那是一座具有历史意义的建筑物。它曾经是武汉国民政府的办公大楼。    参观完武汉国民政府纪念馆，最引人注意的是一张发黄的照片。一个身负重伤的男子正在接受护士的看护。讲解员告诉我们，他就是“四三”惨案中的一名遇害者。看着相片，不由得将我拉回了那段令人心酸的历史。    国民政府收回英租界后，日本不思收敛，反而对汉口租界加“防护”，增派军队。1927年4月3日，一名华工在汉口租界与日本水兵发生冲突，停泊在汉口江面的200名水兵上按挑衅，不分青红皂白悍然以武力将周围的群众驱赶出日租界，并打死华工多名，多人受伤。    看着这张相片，我气愤填殷。日本人真是太欺负人了，不仅过去侵略我们中国，还杀害了我们中国那么多的同胞。更可恶的是他们的首相小泉(纯一郎)还多次参拜靖国神社。无视深受侵略之苦的中国人民的感情。如此的行径，应该受到全中国人民的谴责。    大家说呢？"	5	4		8
30	4	"瞧！我多神气！在班上，我学习好，画画棒，同学们可崇拜我哩！就连老师也称我“小包青天”。我得意洋洋。嗨！同学们这么听我的话，我可以呼风唤雨了。想到这儿，我满脑子歪主意：小轩，我一定要对付你。平时，我就不服他了。现在越看越不顺眼。对，想想办法对付对付他！    我马上请来了几位要好的朋友，和他们商量着怎样对付小轩。小显悄悄地问：“荣荣，小轩下围棋是不是输给你？”荣荣自豪地说：“那当然！”“那好！我们就骂他是荣荣的手下败将！”话音刚落，我们个个拍手称快。我摸摸后脑勺：“有了！叫他爱吃鬼！”“好主意！”听了伙伴们的赞赏，我心里美滋滋的。我们异口同声地说：“咱们开始行动！”    下课铃响喽！我们聚在一起，按计划进行。跑到小轩身旁，若无其事地说：“小轩爱吃！小轩爱吃！”可小轩却一声不响，任凭我们说。我们更得意了，亮开嗓门，喊起来：“小轩爱吃……”大家你看看我，我看看你，舒服极了。小轩，想跟我斗，没门！    中午，我们来到象棋室。一看到小轩也来了，我忙向小显使了一下眼色。嘿嘿，让你丢丢脸！我们故意把脸转向一边，嘲笑小轩：“荣荣的手下败将！荣荣的手下败将！”小轩听了，不敢吭声。有你的，不敢承认。这下，我们更来劲了！只见小轩满脸通红……    大祸临头啦！老师把我们几个请了过去。不用说一定是小轩那事！我们忐忑不安地来到了老师跟前，望着老师那严厉的目光，我们恨不得挖个窟窿钻进去。儿童节那天，我站在台上，接过奖状的情景又浮现在眼前，我感到无地自容……老师的嘴角抽动着。是呀，眼前这些是她平时引以自豪的学生、充满殷切期望的学生啊！我不断地问自己，这是我吗？此时，无声胜有声……    我们又一起来到了小轩身边，等待我们的是什么呢？最后还是我开了口：“小轩，我们错了，交个朋友吧！”我伸出双手，和他握手，他也伸出手，一股温暖的友情在我心里翻腾……    这深深的友情永远刻在我们心间！"	5	4		9
31	4	"在很久以前，远处的高山上有一个小森林。听别人说，那里很美：一排排高大挺立的大树一个挨着一个，靠得紧紧的。好像几个兄弟团结友爱，把高山围得紧紧的，没有留下一点儿空隙。在大树另一边，是个平静、欢乐的动物世界。小花儿很乐意地展开自己娇嫩的花瓣，发出令人神清气爽的幽香。“欢乐小溪”是这儿动物居民的唯一饮水处，她无忧无虑，喝一口凉凉的溪水就会令人抛开一切烦恼。这儿的小动物们也很勤劳，大家互相帮助，生活得非常幸福。可是其中就有一只骄傲无理的鸟，叫“银丝鸟”。    银丝鸟是老虎的妻子。正如她的名字一样，她的外表真是无可挑剔。嘴角红红的，衬托着上面那小巧玲珑的黑眼珠。头上有几根金银相间的羽毛，使人百看不厌。全身是雪白的羽毛，好像是真的雪一样，没有一点儿杂色。最著名的就是她尾后的几根长羽毛，完全是晶莹剔透，比水晶还要美丽，比钻石更加炫耀。她可是老虎的“心头肉”呀！    虽然美丽，却与她的内心品质不相符。有一次，牛伯伯正挑着一担白菜一步步吃力的走着。牛伯伯是个有名的勤劳模范，从早到晚总是在忙碌中度过。大家都很佩服他。正巧，小金丝活蹦乱跳也跑来。挠挠脸，乖巧地说：“牛伯伯，我也来帮你的忙，好吗？”牛伯伯微笑着说：“乖，真是好孩子”。银丝鸟傲慢地向老牛走来，对这种事视而不见，充满了蔑视。可把牛伯伯气坏了。    还有一次，一只小麻雀不小心被树枝划伤了。掉进了银丝鸟的花园。这时，银丝鸟大摇大摆，一副威风无比的样子走来。对正在流血的小麻雀看也不看一眼。还斜着眼，冷冷地说了一句：“死在我的花园，算是你的荣幸！”……    面对银丝鸟的所作所为。大家都恨之入骨。这森林的守护神木仙女生气极了，用仙女棒把银丝鸟一点，它立即黑得一塌糊涂。从今以后，她就变成现在人见人恨的“乌鸦”了。"	5	4		8
32	4	"上海市徐汇区平江路小学四（1）盛云涛    早上，我从床上跃起，迅速地穿上衣服。这时，妈妈已把早饭做好。我刷牙……吃饭……一切都是“快镜头”。    来到学校，早读时背背外语单词，说几句英语，得意洋洋。然后读上一篇古文，欣赏古人的品格及生活情趣，使我有说不尽的欢乐。    白天，随着老师抑扬顿挫的讲课声，去遨游知识的海洋。一会儿，我钻进了奥妙无穷的数学天地；一会儿，我又陶醉于灿烂的文学世界；一会儿，我又遨游于历史长河。我以极大的兴趣听讲、思考、抄笔记。    随着清脆的铃声响起，放学了。我和其他同学一样，迎着落日的余辉，带着一天的收获，高高兴兴地走向家中。"	5	4		8
33	4	"昨天，我们冒着呼呼的寒风，来到了南洋大楼，开始了我们的红色之旅。南洋大楼位于汉口六渡桥下，是一座具有历史意义的建筑物。这里一度是武汉国民政府的办公处，曾经处理过很多的大事。    走进南洋大楼的三楼，我们好像走进了过去。里面摆放着以前用过的电话机、毛笔、砚和以前的照片。这些照片中最令我难忘的是关于“四·三”惨案的一张伤者相片。谈起“四·三”惨案，大家一定不是很清楚吧！那要从国民政府收复英租界谈起。收复英租界之后，日本人不思收敛，反而对汉口租界加“防护”，增派了军队。1927年4月3日，一名华工在汉口日租界与日本水兵发生争执，停泊在汉口将面的日舰调出水兵200名，上岸挑衅。他们不分黑白，当场打伤90多名华工，打死10多名华工。    多么惨痛的事呀！通过这次红色之旅。我们重温了历史，了解了历史、了解了日本侵略中国的事实。    今天，当我们到麦当劳尽情享受，当我们做在船头欣赏江边美丽的风景的时候，我们是否更该珍惜今天的每一天。"	5	4		9
34	4	"今天是星期天，一大早儿，我就起来了。因为上午10：30分我要去学作文，所以10：00前要写完作业。    我开始写呀写，终于写完了。于是我对妈妈说：“妈妈，我作业写完了，可以看电视吗？”妈妈说：“不能看，快去检查一下！”我又回到房间，检查了一遍作业，全都对。我便对妈妈说：“检查完了，全都对，这回我可以看电视了吧？”妈妈说：“不行，你再去背一背单词，下午就要学英语了。”我只好硬着头皮回到了屋里……    下午学完了英语，我回到家，还得写呀，写什么呢？是英语作业呀。做完英语作业，我又问妈妈：“妈，我写完作业了，可以看电视吗？”妈妈说：“可以了。”    ……    劳累的星期天终于过去了，我不禁说道：“星期天真累呀！”"	5	4		8
35	4	"在汉口中山大道六渡桥下有一条繁华的街道。那儿有一处吸引了很多少男少女的娱乐场所，那就是民众乐园。    在民众乐园，最吸引我的当然是那几家有名的连锁店——肯德基、麦当劳……瞧，很多的少男少女穿着时尚的服饰在民众乐园里面闲逛。他们花花绿绿的服饰和那花花绿绿的商品一道将民众乐园打扮成了花花的世界。    在民众乐园的旁边，有一栋6层楼的房子，那就是南洋大楼。外墙为36-60厘米的砖墙，正面为洗麻石粉面，富有欧式特色的建筑风格，占地885平方米。主楼建筑为4740平方米，副楼面积为200平方米。这儿曾是国共两党重要领导人活动的地方。    走进三楼展览厅，这里十分冷清，只有我们这群参观的孩子前来参观。我不禁纳闷，难道这等国家重点保护的单位就没有人来参观吗？我真想不通，为什么人们宁可花几十、几百的钱去民众乐园买衣服、吃东西，却不肯用几元钱买张票前来参观，重温一下历史呢？    踏上这条红色之旅，我感叹万分，我多么希望能有更多的人跟我一起踏上红色之旅，一起去了解武汉的历史，勾画武汉的未来。"	5	4		9
36	4	"昨天，我们冒着呼呼的寒风，来到了南洋大楼，开始了我们的红色之旅。南洋大楼位于汉口六渡桥下，是一座具有历史意义的建筑物。这里一度是武汉国民政府的办公处，曾经处理过很多的大事。    走进南洋大楼的三楼，我们好像走进了过去。里面摆放着以前用过的电话机、毛笔、砚和以前的照片。这些照片中最令我难忘的是关于“四·三”惨案的一张伤者相片。谈起“四·三”惨案，大家一定不是很清楚吧！那要从国民政府收复英租界谈起。收复英租界之后，日本人不思收敛，反而对汉口租界加“防护”，增派了军队。1927年4月3日，一名华工在汉口日租界与日本水兵发生争执，停泊在汉口将面的日舰调出水兵200名，上岸挑衅。他们不分黑白，当场打伤90多名华工，打死10多名华工。    多么惨痛的事呀！通过这次红色之旅。我们重温了历史，了解了历史、了解了日本侵略中国的事实。    今天，当我们到麦当劳尽情享受，当我们做在船头欣赏江边美丽的风景的时候，我们是否更该珍惜今天的每一天。"	5	4		8
37	4	"一阵微风吹过，万物复苏，世界万象更新，迎来了春天。    春从四面八方赶来，她翻山越岭，她漂洋过海，她穿着新绿的衣裙，脚步轻盈地向我们走来。她历尽千辛万苦，终于赶来了。她迫不急待地跃动在山川、河流上……所到之处，无不带着生机。    微风拂面，那是她劳累时呼吸的气体：温暖、轻柔，吹拂着草地、河流……土地里的小草、小花……听到她轻轻的呼吸，冒出了点点小芽，看到外边的美丽景象，站了起来，随风跳舞。树木看到了，也在一旁奏起乐来。小河流水的声音，是春天的第一首曲子，有节奏的节拍使鱼儿们也跟随着小河一起跳舞。动物们都苏醒了，迎接这美好的春天……    春雨是她晶莹的汗珠：嘀哒、嘀哒……正所谓润物细无声。小草小花都来享受这淋浴，柳树扬起枝条，从茎上鼓出点点的小芽来，像丝一样轻柔软。河水不停起贱起点点莲花般的水花。好似在水上开放的精灵的故居。万物显出一片新绿，那绿一层一层的，是画家的画笔也无法调配出来的。万物在这甜甜的细雨中茁壮成长，显出一幅美丽的图画。    春天带着温暖来了，春天带着美丽来了，春天带着希望来了。在这充满希望的季节，世间万物更新，我们也要好好努力，为春天谱写一渠进步的乐章，添一抹辉煌的记录。"	5	4		9
38	4	"“日照香炉生紫烟，遥看瀑布挂前川。飞流直下三千尺，疑是银河落九天。”这是唐代诗人李白描写庐山瀑布的诗句。我向望了很久，今天爸爸妈妈终于可以带我到庐山秀峰旅游了。    庐山的山道像条长龙似的在欢迎我们，山道两旁的树阴差不多遮住太阳光，不时漏下一个一个的光圈子像和我们捉迷藏似的，多么迷人啊!我们顺着一条条弯弯曲曲的小石道逐级而上，不一会我们来到龙潭，许多游人在潭里划着小船，悠闲荡漾，米芾勒于潭旁巨大上的“第一山”。“青玉峡”摩崖大字，雄强劲逸，浑厚挺拔，宋代南康守朱端章的“庐山”两字，气势恢宏，“山”字每竖均可容一人卧睡，游人至此，都喜欢以身卧量，寓意身在此山中。龙潭入口处，有“龙”。“虎”两字“盘踞”似坐昭示着青玉峡那端急的泉流，如龙腾虎跃一般威猛。    我们又接着山间小路往上爬，刚过观瀑亭，突然听见轰轰隆隆的声响，似千军呐喊似万马奔腾，只见一条瀑布直泻而下，就像许多闪光的白玉练子合在一起，悬挂在崖上，随风飘荡。我们又开始攀登了。终于来到山崖下。陡立的峭壁，好像有谁用巨斧砍去了一半，直上直下像一面镜子。粗数十围的大瀑布，像条发疯的银龙，直捣潭心，水声轰轰，激荡起阵阵狂风，喷迸出如雹的急雨，这就是李白笔下“飞流直下三干尺”的瀑布水。    这次庐山一游使我感受到祖国的山山水水的美丽。啊！江山如此多娇！"	5	4		10
